{"cameraMode":{"drawMode":0,"name":"Shaded","section":"Shading Mode"},"sceneLighting":false,"audioPlay":false,"sceneViewState":{"m_AlwaysRefresh":false,"showFog":true,"showSkybox":false,"showFlares":true,"showImageEffects":true,"showParticleSystems":true,"showVisualEffectGraphs":true,"m_FxEnabled":true},"in2DMode":false,"pivot":{"x":0.34635359048843386,"y":-0.13949307799339295,"z":-0.16721557080745698},"rotation":{"x":-0.06801799684762955,"y":0.9215303063392639,"z":-0.3327315151691437,"w":-0.1883360892534256},"size":0.8660253882408142,"orthographic":false}