{"cameraMode":{"drawMode":0,"name":"Shaded","section":"Shading Mode"},"sceneLighting":false,"audioPlay":false,"sceneViewState":{"m_AlwaysRefresh":false,"showFog":true,"showSkybox":false,"showFlares":true,"showImageEffects":true,"showParticleSystems":true,"showVisualEffectGraphs":true,"m_FxEnabled":true},"in2DMode":false,"pivot":{"x":-0.12037330120801926,"y":1.052854299545288,"z":0.6759591102600098},"rotation":{"x":-0.0034671383909881117,"y":0.9856564998626709,"z":-0.16748006641864777,"w":-0.020405299961566926},"size":1.4598801136016846,"orthographic":false}